Model,Accuracy,Precision,Recall,F1-Score,ROC-AUC
Random Forest,0.975,0.98,0.98,0.98,0.9993333333333333
XGBoost,0.975,0.98,0.98,0.98,0.998
SVM,0.925,1.0,0.88,0.9361702127659575,0.9946666666666667
Logistic Regression,0.95,1.0,0.92,0.9583333333333334,0.994
Decision Tree,0.9375,0.9787234042553191,0.92,0.9484536082474226,0.9813333333333334
